{"cameraMode":{"drawMode":0,"name":"Shaded","section":"Shading Mode"},"sceneLighting":false,"audioPlay":false,"sceneViewState":{"m_AlwaysRefresh":false,"showFog":true,"showSkybox":false,"showFlares":true,"showImageEffects":true,"showParticleSystems":true,"showVisualEffectGraphs":true,"m_FxEnabled":true},"in2DMode":false,"pivot":{"x":1.103503704071045,"y":0.4224455952644348,"z":-3.0319013595581056},"rotation":{"x":-0.046684760600328448,"y":0.8660417795181274,"z":-0.08235594630241394,"w":-0.4909287393093109},"size":0.4250236451625824,"orthographic":false}